<?xml version="1.0" encoding="UTF-8"?>
<beans xmlns="http://www.springframework.org/schema/beans" xmlns:xsi="http://www.w3.org/2001/XMLSchema-instance" xmlns:c="http://www.springframework.org/schema/c" xmlns:mybatis-spring="http://mybatis.org/schema/mybatis-spring" xmlns:context="http://www.springframework.org/schema/context" xsi:schemaLocation="http://mybatis.org/schema/mybatis-spring http://mybatis.org/schema/mybatis-spring-1.2.xsd
		http://www.springframework.org/schema/beans http://www.springframework.org/schema/beans/spring-beans.xsd
		http://www.springframework.org/schema/context http://www.springframework.org/schema/context/spring-context-4.3.xsd">

	<!-- Root Context: defines shared resources visible to all other web components -->
	<!-- 웹 자원 이외 설정 -->

	<!-- Annotation에 담긴 annotation을 이용하기 위해 특정 패키지 아래에 위치한 bean들을 검색 -->
	<context:component-scan base-package="org.sdy.spring" />

	<!-- cubrid & log4jdbc -->
	<!-- <bean id="dataSource" class="org.springframework.jdbc.datasource.DriverManagerDataSource"> -->
	<!-- <property name="driverClassName" value="cubrid.jdbc.driver.CUBRIDDriver" /> -->
	<!-- <property name="url" value="jdbc:log4jdbc:cubrid:127.0.0.1:33000:spring:::?charset=utf-8" /> -->
	<!-- <property name="username" value="dba" /> -->
	<!-- <property name="password" value="Roqkf148@" /> -->
	<!-- </bean> -->

	<!-- cubrid -->
	<!-- <bean id="dataSource" class="org.springframework.jdbc.datasource.DriverManagerDataSource"> -->
	<!-- <property name="driverClassName" value="cubrid.jdbc.driver.CUBRIDDriver" /> -->
	<!-- <property name="url" value="jdbc:cubrid:127.0.0.1:33000:spring:::?charset=utf-8" /> -->
	<!-- <property name="username" value="dba" /> -->
	<!-- <property name="password" value="Roqkf148@" /> -->
	<!-- </bean> -->

	<!-- mysql 5.7 & log4jdbc -->
	<bean id="dataSource" class="org.springframework.jdbc.datasource.DriverManagerDataSource">
<!-- 		<property name="driverClassName" value="core.log.jdbc.driver.MysqlDriver" /> -->
<!-- 		<property name="url" value="jdbc:mysql://localhost:3306/spring?useSSL=false&amp;serverTimezone=UTC" /> -->
		<property name="driverClassName" value="net.sf.log4jdbc.sql.jdbcapi.DriverSpy" />
		<property name="url" value="jdbc:log4jdbc:mysql://localhost:3306/spring?useSSL=false&amp;serverTimezone=UTC" />	
		<property name="username" value="root" />
		<property name="password" value="Roqkf148@" />
	</bean>

	<!-- mysql 5.7 -->
	<!-- <bean id="dataSource" -->
	<!-- class="org.springframework.jdbc.datasource.DriverManagerDataSource"> -->
	<!-- <property name="driverClassName" value="com.mysql.cj.jdbc.Driver" /> -->
	<!-- <property name="url" -->
	<!-- value="jdbc:mysql://localhost:3306/spring?useSSL=false&amp;serverTimezone=UTC" /> -->
	<!-- <property name="username" value="root" /> -->
	<!-- <property name="password" value="Roqkf148@" /> -->
	<!-- </bean> -->


	<!-- SqlSessionFactory : DB 연결과 SQL 실행 관련 핵심 객체 -->
	<bean id="sqlSessionFactory" class="org.mybatis.spring.SqlSessionFactoryBean">
		<property name="dataSource" ref="dataSource" />
		<!-- mybatis 연결 -->
		<property name="configLocation" value="classpath:/mybatis-config.xml" />
		<property name="mapperLocations" value="classpath:mappers/**/*Mapper.xml"></property>
	</bean>

	<!-- mybatis에서 DB와의 직접연결을 맺고 종료하는 작업을 줄일 수 있는 객체(SqlSessionTemplate) -->
	<bean id="sqlSession" class="org.mybatis.spring.SqlSessionTemplate" destroy-method="clearCache">
		<constructor-arg name="sqlSessionFactory" ref="sqlSessionFactory" />
	</bean>
</beans>
