<?xml version="1.0" encoding="UTF-8"?>
<configuration>

    <!-- 처음 시작하자 마자 출력되는 log 삭제 -->
    <statusListener class="ch.qos.logback.core.status.NopStatusListener" />

    <!-- 콘솔창 출력 -->
	<appender name="STDOUT" class="ch.qos.logback.core.ConsoleAppender">
		<layout class="ch.qos.logback.classic.PatternLayout">
			<Pattern>
				<!-- 로그시간 + 패키지 및 클래스명 + 메소드명 + 메소드내에 로그위치 + 로깅메시지 -->
				<pattern>%d{yyyy-MM-dd HH:mm:ss.SSS} %-5level %logger [%method:%line] - %msg%n</pattern>
			</Pattern>
		</layout>
	</appender>
    
    <!-- 파일로 출력 -->
    <appender name="ROLLING" class="ch.qos.logback.core.rolling.RollingFileAppender">
        <!-- 파일경로, 파일명 -->
        <file>log/logFile.log</file>
        
        <rollingPolicy class="ch.qos.logback.core.rolling.TimeBasedRollingPolicy">
            <!-- 파일 패턴 방식 -->
            <fileNamePattern>logFile-%d{yyyy-MM-dd}.%i.log</fileNamePattern>
            <!-- 30시간이 지난것은 삭제 -->
            <maxHistory>30</maxHistory> 
           
            <!-- 파일 최대 용량 설정하면 새로운 index 이름으로 파일 생성 -->
    	    <timeBasedFileNamingAndTriggeringPolicy class="ch.qos.logback.core.rolling.SizeAndTimeBasedFNATP">
                <!-- 용량 도달시 새로운 index로 파일 생성 -->
                <!-- kb, mb, gb 인식 -->
                <maxFileSize>100MB</maxFileSize>
            </timeBasedFileNamingAndTriggeringPolicy>
        </rollingPolicy>
        
        <encoder>
            <pattern>%d{yyyy-MM-dd HH:mm:ss.SSS} %-5level %logger [%method:%line] - %msg%n</pattern>
        </encoder>
    </appender>
    
    <!-- LoggerConfigLevel -->
    <!-- ALL > TRACE > DEBUG > INFO > WARN > ERROR > FATAL > OFF -->
    
	<!-- SQL문만을 로그로 남기며, PreparedStatement일 경우 관련된 argument 값으로 대체된 SQL문이 보여짐 -->
	<logger name="jdbc.sqlonly" level="DEBUG"/>
	<!-- SQL문과 해당 SQL을 실행시키는데 수행된 시간 정보(milliseconds)를 포함 -->
	<logger name="jdbc.sqltiming" level="OFF"/>
	<!-- ResultSet을 제외한 모든 JDBC 호출 정보를 로그로 남긴다. 많은 양의 로그가 생성되므로 특별히 JDBC 문제를 추적해야 할 필요가 있는 경우를 제외하고는 사용을 권장하지 않음 -->
	<logger name="jdbc.audit" level="OFF"/>
	<!--  ResultSet을 포함한 모든 JDBC 호출 정보를 로그로 남기므로 매우 방대한 양의 로그가 생성 -->
	<logger name="jdbc.resultset" level="OFF"/>
	<!-- SQL 결과 조회된 데이터의 table을 로그 남김 -->
	<logger name="jdbc.resultsettable" level="OFF"/>
    <!-- Connection 정보 로그를 남김 -->
	<logger name="jdbc.connection" level="OFF"/>
	
    <!-- appender 새로 등록시 추가 필요 -->
    <!-- logger의 기본 출력 레벨을 지정하며 자신을 포함한 그 이하 레벨을 포함 -->
	<root level="INFO">
		<appender-ref ref="STDOUT" />
        <appender-ref ref="ROLLING" />
	</root>
</configuration>