<?xml version="1.0" encoding="UTF-8"?>
<configuration>
	<appender name="STDOUT" class="ch.qos.logback.core.ConsoleAppender">
		<layout class="ch.qos.logback.classic.PatternLayout">
			<Pattern>
				<!-- 로그시간 + 패키지 및 클래스명 + 메소드명 + 메소드내에 로그위치 + 로깅메시지 -->
				<pattern>%d{yyyy-MM-dd HH:mm:ss.SSS} %-5level %logger [%method:%line] - %msg%n</pattern>
			</Pattern>
		</layout>
	</appender>

	<logger name="jdbc" level="OFF" />
	<logger name="jdbc.sqlonly" level="INFO" />
	<logger name="jdbc.sqltiming" level="OFF" />
	<logger name="jdbc.audit" level="OFF" />
	<logger name="jdbc.resultset" level="OFF" />
	<logger name="jdbc.resultsettable" level="OFF" />
	<logger name="jdbc.connection" level="OFF" />

	<root level="INFO">
		<appender-ref ref="STDOUT" />
	</root>
</configuration>