<?xml version="1.0" encoding="UTF-8"?>
<!DOCTYPE configuration
  PUBLIC "-//mybatis.org//DTD Config 3.0//EN"
  "http://mybatis.org/dtd/mybatis-3-config.dtd">

<configuration>
	<!-- property 읽음 -->
	<properties resource="properties/dbConn.properties" />

	<!-- 별칭 -->
	<typeAliases>
		<typeAlias type="org.sdy.mybatis.board.vo.BoardVo" alias="BoardVo" />
	</typeAliases>

	<!-- 다중 db접속 설정 -->
	<environments default="">
		<environment id="Maria">
			<transactionManager type="JDBC" />
			<dataSource type="POOLED">
				<property name="driver" value="${driver}" />
				<property name="url" value="${url}" />
				<property name="username" value="${username}" />
				<property name="password" value="${password}" />
			</dataSource>
		</environment>

<!-- 		<environment id="Maria2"> -->
<!-- 			<transactionManager type="JDBC" /> -->
<!-- 			<dataSource type="POOLED"> -->
<!-- 				<property name="driver" value="${driver}" /> -->
<!-- 				<property name="url" value="${url}" /> -->
<!-- 				<property name="username" value="${username}" /> -->
<!-- 				<property name="password" value="${password}" /> -->
<!-- 			</dataSource> -->
<!-- 		</environment> -->
	</environments>

	<!-- mapper 설정 -->
	<mappers>
		<mapper resource="mapper/BoardMapper.xml" />
	</mappers>

</configuration>