<?xml version="1.0" encoding="UTF-8"?>
<!DOCTYPE mapper
  PUBLIC "-//mybatis.org//DTD Mapper 3.0//EN"
  "http://mybatis.org/dtd/mybatis-3-mapper.dtd">

<mapper namespace="org.sdy.spring.board.dao.BoardDAO">

	<select id="selectList" resultType="boardVO">
		SELECT 
				boardNum,
				title,
				content,
				writer,
				viewCnt,
				DATE_FORMAT(regDate, "%Y %c/%e %r") as regDate,
				updateDate
		  FROM  tb_board
	  ORDER BY  boardNum desc, regDate desc
	</select>


	<select id="select" resultType="boardVO">
		SELECT 
				boardNum,
				title,
				content,
				writer,
				viewCnt,
				DATE_FORMAT(regDate, "%Y %c/%e %r") as regDate,
				DATE_FORMAT(updateDate, "%Y %c/%e %r") as updateDate
		  FROM  tb_board
		 WHERE  boardNum=#{boardNum} 
	</select>


	<insert id = "insert" useGeneratedKeys="true" keyProperty="boardNum"> 
		
		INSERT INTO tb_board
		(
			boardNum,
			title,
			content,
			writer
		)
		VALUES
		(
			#{boardNum},
			#{title},
			#{content},
			#{writer}
		)
			
	</insert>
	
	
	<update id="update">
		UPDATE  tb_board 
		   SET 
				title=#{title},
				content=#{content}
		 WHERE  boardNum=#{boardNum}
	</update>
	
	
	<delete id="delete">
		DELETE FROM  tb_board
		 WHERE  boardNum=#{boardNum} 	
	</delete>
	
	
	
</mapper>